Mobile,Iphone5s,iPhone5s(Gold_1GB RAM_32GB Storage),500
Mobile,Iphone6,iPhone6(Gold_1GB RAM_32GB Storage),100
Mobile,OnePlus6,OnePlus6(Mirror Black_6GB RAM_128GB Storage),120
Mobile,Vivo V9Pro,Vivo V9Pro(Black_6GB RAM_Snapdragon 660AIE)_20HD,70
Mobile,Honor 8X,Honor 8X(Blue_6GB RAM_64GB Storage),789
Mobile,Nokia 8.1,Nokia 8.1(Iron_4GB RAM_64GB Storage) with Offer,768
Mobile,Mi Redmi Note 5 Pro ,Mi Redmi Note 5 Pro(Black_6GB RAM_64GB Storage),345
Mobile,Samsung Galaxy J8,Samsung Galaxy J8(Black_4GB RAM_64GB Storage),233
Mobile,OnePlus 6T,OnePlus 6T(Midnight Black_8GB RAM_256GB Storage),123
Mobile,IphoneX,iPhoneX(Gold_12GB RAM_32GB Storage),1500
Mobile,IphoneXs,iPhoneXs(Gold_12GB RAM_32GB Storage),2100
Mobile,OnePlus6T,OnePlus6T(Mirror Black_6GB RAM_128GB Storage),150
Men's Fashion,Shirts,Peter England Men's Plain Slim Fit,23
Men's Fashion,Shirts,FINIVO FASHION Men's Cotton Casual Shirt,45
Men's Fashion,Shirts,Van Heusen Sport Men's Checkered Slim,20
Men's Fashion,Jeans,Spykar Men's Skinny Fit Jeans,19
Men's Fashion,Jeans,John Players Men's Slim Jeans,17
Men's Fashion,Jeans,Ben Martin Men's Regular Fit Denim Jeans,23
Men's Fashion,Jeans,Wrangler Men's (Rockville) Regular Fit Jeans,33
Men's Fashion,T-Shirts,Levi's Men's Solid Regular Fit T-Shirt,15
Men's Fashion,Polos,Wrangler Men's Solid Regular Fit Polo,89
Men's Fashion,T-Shirts,United Colors of Benetton Men's Solid Regular Fit T-Shirt,32
Men's Fashion,Polo,Allen Solly Men's Polo,46
Men's Fashion,Jeans,Ben Martin Men's Slim Fit Jeans,28
Women's Fashion,Ethnic wear,Ziyaa Women's Grey Colour 3/4Th Sleeve Crepe Straight Kurta,13
Women's Fashion,Ethnic wear,Vaamsi Chiffon Saree,10
Women's Fashion,Ethnic wear,Janasya Women's Crepe A-Line Kurta,23
Women's Fashion,Western wear,Maniac Women's Fleece Sweatshirt,67
Women's Fashion,Western wear,Veirdo Women's Cotton T-Shirt,89
Women's Fashion,Western wear,Mayra Women's Plain Regular Fit Top,43
Women's Fashion,Western wear,Leotude Sweatshirts for Women,24
Women's Fashion,Western wear,Broadstar Women's Denim Slim Fit Jeans,78
Women's Fashion,Western wear,Oleva Women's Poly Cotton Denim Jeggings,89
Women's Fashion,Ethnic wear,Biba Women's Grey Colour 3/4Th Sleeve Crepe Straight Kurta,12
Women's Fashion,Jockey,Women's White Sweatshirt,90
Women's Fashion,Jockey,Women's Cotton T-Shirt,90